,social_isolation_score,face_to_face_social_hours_weekly,sleep_hours,exercise_hours_weekly,daily_gaming_hours,academic_work_performance,gaming_addiction_risk_level
social_isolation_score,1.0,-0.7759881733342437,-0.6819380841911409,-0.6434354226638924,0.8656340252370551,-0.4916338229915636,0.7573106659653652
face_to_face_social_hours_weekly,-0.7759881733342437,1.0,0.6930457883595226,0.6423887771765445,-0.8723222446405173,0.4879994387833491,-0.7460912007255281
sleep_hours,-0.6819380841911409,0.6930457883595226,1.0,0.5504554173555546,-0.7776882853657091,0.4869760046270809,-0.6668103947182523
exercise_hours_weekly,-0.6434354226638924,0.6423887771765445,0.5504554173555546,1.0,-0.7336686453114406,0.4030566900659009,-0.6453868510320789
daily_gaming_hours,0.8656340252370551,-0.8723222446405173,-0.7776882853657091,-0.7336686453114406,1.0,-0.5514448076654537,0.8571762759724051
academic_work_performance,-0.4916338229915636,0.4879994387833491,0.4869760046270809,0.4030566900659009,-0.5514448076654537,1.0,-0.4828428668970147
gaming_addiction_risk_level,0.7573106659653652,-0.7460912007255281,-0.6668103947182523,-0.6453868510320789,0.8571762759724051,-0.4828428668970147,1.0
